adult	https://image.pollinations.ai/prompt/professional%20realistic%20photograph%2C%20natural%20real-world%20object%2C%20shot%20with%20a%20DSLR%20camera%2C%20soft%20natural%20studio%20lighting%2C%20shallow%20depth%20of%20field%2C%20plain%20clean%20neutral%20light%20grey%20background%2C%20centered%2C%20sharp%20focus%2C%20high%20detail%2C%20no%20text%2C%20no%20watermark%2C%20no%20logo%2C%20no%20illustration%2C%20no%20cartoon%2C%20no%203D%20render%2C%20photorealistic%2C%20a%20real%20adult%20person%20standing%2C%20casual%20everyday%20clothing%2C%20full%20body%2C%20candid%20photo%2C%20face%20not%20the%20focus?width=1024&height=1024&nologo=true&seed=400&model=flux
airplane	https://image.pollinations.ai/prompt/professional%20realistic%20photograph%2C%20natural%20real-world%20object%2C%20shot%20with%20a%20DSLR%20camera%2C%20soft%20natural%20studio%20lighting%2C%20shallow%20depth%20of%20field%2C%20plain%20clean%20neutral%20light%20grey%20background%2C%20centered%2C%20sharp%20focus%2C%20high%20detail%2C%20no%20text%2C%20no%20watermark%2C%20no%20logo%2C%20no%20illustration%2C%20no%20cartoon%2C%20no%203D%20render%2C%20photorealistic%2C%20a%20real%20commercial%20passenger%20airplane%20on%20a%20runway%2C%20side%20view?width=1024&height=1024&nologo=true&seed=401&model=flux
ambulance	https://image.pollinations.ai/prompt/professional%20realistic%20photograph%2C%20natural%20real-world%20object%2C%20shot%20with%20a%20DSLR%20camera%2C%20soft%20natural%20studio%20lighting%2C%20shallow%20depth%20of%20field%2C%20plain%20clean%20neutral%20light%20grey%20background%2C%20centered%2C%20sharp%20focus%2C%20high%20detail%2C%20no%20text%2C%20no%20watermark%2C%20no%20logo%2C%20no%20illustration%2C%20no%20cartoon%2C%20no%203D%20render%2C%20photorealistic%2C%20a%20real%20ambulance%20vehicle%2C%20side%20view?width=1024&height=1024&nologo=true&seed=402&model=flux
animal	https://image.pollinations.ai/prompt/professional%20realistic%20photograph%2C%20natural%20real-world%20object%2C%20shot%20with%20a%20DSLR%20camera%2C%20soft%20natural%20studio%20lighting%2C%20shallow%20depth%20of%20field%2C%20plain%20clean%20neutral%20light%20grey%20background%2C%20centered%2C%20sharp%20focus%2C%20high%20detail%2C%20no%20text%2C%20no%20watermark%2C%20no%20logo%2C%20no%20illustration%2C%20no%20cartoon%2C%20no%203D%20render%2C%20photorealistic%2C%20a%20close-up%20photo%20of%20an%20animal%20paw%20print%20in%20soil?width=1024&height=1024&nologo=true&seed=403&model=flux
apple	https://image.pollinations.ai/prompt/professional%20realistic%20photograph%2C%20natural%20real-world%20object%2C%20shot%20with%20a%20DSLR%20camera%2C%20soft%20natural%20studio%20lighting%2C%20shallow%20depth%20of%20field%2C%20plain%20clean%20neutral%20light%20grey%20background%2C%20centered%2C%20sharp%20focus%2C%20high%20detail%2C%20no%20text%2C%20no%20watermark%2C%20no%20logo%2C%20no%20illustration%2C%20no%20cartoon%2C%20no%203D%20render%2C%20photorealistic%2C%20a%20single%20fresh%20red%20apple?width=1024&height=1024&nologo=true&seed=404&model=flux
arm	https://image.pollinations.ai/prompt/professional%20realistic%20photograph%2C%20natural%20real-world%20object%2C%20shot%20with%20a%20DSLR%20camera%2C%20soft%20natural%20studio%20lighting%2C%20shallow%20depth%20of%20field%2C%20plain%20clean%20neutral%20light%20grey%20background%2C%20centered%2C%20sharp%20focus%2C%20high%20detail%2C%20no%20text%2C%20no%20watermark%2C%20no%20logo%2C%20no%20illustration%2C%20no%20cartoon%2C%20no%203D%20render%2C%20photorealistic%2C%20a%20photo%20of%20a%20human%20arm%20and%20bicep%2C%20plain%2C%20no%20other%20body%20parts%20visible?width=1024&height=1024&nologo=true&seed=405&model=flux
aunt	https://image.pollinations.ai/prompt/professional%20realistic%20photograph%2C%20natural%20real-world%20object%2C%20shot%20with%20a%20DSLR%20camera%2C%20soft%20natural%20studio%20lighting%2C%20shallow%20depth%20of%20field%2C%20plain%20clean%20neutral%20light%20grey%20background%2C%20centered%2C%20sharp%20focus%2C%20high%20detail%2C%20no%20text%2C%20no%20watermark%2C%20no%20logo%2C%20no%20illustration%2C%20no%20cartoon%2C%20no%203D%20render%2C%20photorealistic%2C%20a%20real%20adult%20woman%20standing%2C%20casual%20everyday%20clothing%2C%20full%20body%2C%20candid%20photo%2C%20face%20not%20the%20focus?width=1024&height=1024&nologo=true&seed=406&model=flux
autumn	https://image.pollinations.ai/prompt/professional%20realistic%20photograph%2C%20natural%20real-world%20object%2C%20shot%20with%20a%20DSLR%20camera%2C%20soft%20natural%20studio%20lighting%2C%20shallow%20depth%20of%20field%2C%20plain%20clean%20neutral%20light%20grey%20background%2C%20centered%2C%20sharp%20focus%2C%20high%20detail%2C%20no%20text%2C%20no%20watermark%2C%20no%20logo%2C%20no%20illustration%2C%20no%20cartoon%2C%20no%203D%20render%2C%20photorealistic%2C%20a%20real%20tree%20branch%20with%20orange%20and%20red%20autumn%20leaves?width=1024&height=1024&nologo=true&seed=407&model=flux
baby	https://image.pollinations.ai/prompt/professional%20realistic%20photograph%2C%20natural%20real-world%20object%2C%20shot%20with%20a%20DSLR%20camera%2C%20soft%20natural%20studio%20lighting%2C%20shallow%20depth%20of%20field%2C%20plain%20clean%20neutral%20light%20grey%20background%2C%20centered%2C%20sharp%20focus%2C%20high%20detail%2C%20no%20text%2C%20no%20watermark%2C%20no%20logo%2C%20no%20illustration%2C%20no%20cartoon%2C%20no%203D%20render%2C%20photorealistic%2C%20a%20real%20baby%20sitting%2C%20wearing%20a%20simple%20onesie?width=1024&height=1024&nologo=true&seed=408&model=flux
backpack	https://image.pollinations.ai/prompt/professional%20realistic%20photograph%2C%20natural%20real-world%20object%2C%20shot%20with%20a%20DSLR%20camera%2C%20soft%20natural%20studio%20lighting%2C%20shallow%20depth%20of%20field%2C%20plain%20clean%20neutral%20light%20grey%20background%2C%20centered%2C%20sharp%20focus%2C%20high%20detail%2C%20no%20text%2C%20no%20watermark%2C%20no%20logo%2C%20no%20illustration%2C%20no%20cartoon%2C%20no%203D%20render%2C%20photorealistic%2C%20a%20real%20school%20backpack%2C%20closed%2C%20studio%20product%20photo?width=1024&height=1024&nologo=true&seed=409&model=flux
bag	https://image.pollinations.ai/prompt/professional%20realistic%20photograph%2C%20natural%20real-world%20object%2C%20shot%20with%20a%20DSLR%20camera%2C%20soft%20natural%20studio%20lighting%2C%20shallow%20depth%20of%20field%2C%20plain%20clean%20neutral%20light%20grey%20background%2C%20centered%2C%20sharp%20focus%2C%20high%20detail%2C%20no%20text%2C%20no%20watermark%2C%20no%20logo%2C%20no%20illustration%2C%20no%20cartoon%2C%20no%203D%20render%2C%20photorealistic%2C%20a%20real%20fabric%20tote%20shopping%20bag%2C%20studio%20product%20photo?width=1024&height=1024&nologo=true&seed=410&model=flux
bakery	https://image.pollinations.ai/prompt/professional%20realistic%20photograph%2C%20natural%20real-world%20object%2C%20shot%20with%20a%20DSLR%20camera%2C%20soft%20natural%20studio%20lighting%2C%20shallow%20depth%20of%20field%2C%20plain%20clean%20neutral%20light%20grey%20background%2C%20centered%2C%20sharp%20focus%2C%20high%20detail%2C%20no%20text%2C%20no%20watermark%2C%20no%20logo%2C%20no%20illustration%2C%20no%20cartoon%2C%20no%203D%20render%2C%20photorealistic%2C%20a%20real%20photo%20of%20fresh%20bread%20loaves%20and%20a%20croissant%20on%20a%20wooden%20tray?width=1024&height=1024&nologo=true&seed=411&model=flux
banana	https://image.pollinations.ai/prompt/professional%20realistic%20photograph%2C%20natural%20real-world%20object%2C%20shot%20with%20a%20DSLR%20camera%2C%20soft%20natural%20studio%20lighting%2C%20shallow%20depth%20of%20field%2C%20plain%20clean%20neutral%20light%20grey%20background%2C%20centered%2C%20sharp%20focus%2C%20high%20detail%2C%20no%20text%2C%20no%20watermark%2C%20no%20logo%2C%20no%20illustration%2C%20no%20cartoon%2C%20no%203D%20render%2C%20photorealistic%2C%20a%20single%20fresh%20yellow%20banana?width=1024&height=1024&nologo=true&seed=412&model=flux
bandage	https://image.pollinations.ai/prompt/professional%20realistic%20photograph%2C%20natural%20real-world%20object%2C%20shot%20with%20a%20DSLR%20camera%2C%20soft%20natural%20studio%20lighting%2C%20shallow%20depth%20of%20field%2C%20plain%20clean%20neutral%20light%20grey%20background%2C%20centered%2C%20sharp%20focus%2C%20high%20detail%2C%20no%20text%2C%20no%20watermark%2C%20no%20logo%2C%20no%20illustration%2C%20no%20cartoon%2C%20no%203D%20render%2C%20photorealistic%2C%20a%20real%20adhesive%20bandage%20strip%2C%20studio%20product%20photo?width=1024&height=1024&nologo=true&seed=413&model=flux
bank	https://image.pollinations.ai/prompt/professional%20realistic%20photograph%2C%20natural%20real-world%20object%2C%20shot%20with%20a%20DSLR%20camera%2C%20soft%20natural%20studio%20lighting%2C%20shallow%20depth%20of%20field%2C%20plain%20clean%20neutral%20light%20grey%20background%2C%20centered%2C%20sharp%20focus%2C%20high%20detail%2C%20no%20text%2C%20no%20watermark%2C%20no%20logo%2C%20no%20illustration%2C%20no%20cartoon%2C%20no%203D%20render%2C%20photorealistic%2C%20a%20real%20bank%20building%20exterior%20with%20columns?width=1024&height=1024&nologo=true&seed=414&model=flux
basket	https://image.pollinations.ai/prompt/professional%20realistic%20photograph%2C%20natural%20real-world%20object%2C%20shot%20with%20a%20DSLR%20camera%2C%20soft%20natural%20studio%20lighting%2C%20shallow%20depth%20of%20field%2C%20plain%20clean%20neutral%20light%20grey%20background%2C%20centered%2C%20sharp%20focus%2C%20high%20detail%2C%20no%20text%2C%20no%20watermark%2C%20no%20logo%2C%20no%20illustration%2C%20no%20cartoon%2C%20no%203D%20render%2C%20photorealistic%2C%20a%20real%20empty%20woven%20wicker%20basket%2C%20studio%20product%20photo?width=1024&height=1024&nologo=true&seed=415&model=flux
bathroom	https://image.pollinations.ai/prompt/professional%20realistic%20photograph%2C%20natural%20real-world%20object%2C%20shot%20with%20a%20DSLR%20camera%2C%20soft%20natural%20studio%20lighting%2C%20shallow%20depth%20of%20field%2C%20plain%20clean%20neutral%20light%20grey%20background%2C%20centered%2C%20sharp%20focus%2C%20high%20detail%2C%20no%20text%2C%20no%20watermark%2C%20no%20logo%2C%20no%20illustration%2C%20no%20cartoon%2C%20no%203D%20render%2C%20photorealistic%2C%20a%20real%20freestanding%20white%20bathtub%2C%20photo?width=1024&height=1024&nologo=true&seed=416&model=flux
beach	https://image.pollinations.ai/prompt/professional%20realistic%20photograph%2C%20natural%20real-world%20object%2C%20shot%20with%20a%20DSLR%20camera%2C%20soft%20natural%20studio%20lighting%2C%20shallow%20depth%20of%20field%2C%20plain%20clean%20neutral%20light%20grey%20background%2C%20centered%2C%20sharp%20focus%2C%20high%20detail%2C%20no%20text%2C%20no%20watermark%2C%20no%20logo%2C%20no%20illustration%2C%20no%20cartoon%2C%20no%203D%20render%2C%20photorealistic%2C%20a%20real%20beach%20umbrella%20planted%20in%20sand%20on%20a%20beach?width=1024&height=1024&nologo=true&seed=417&model=flux
bear	https://image.pollinations.ai/prompt/professional%20realistic%20photograph%2C%20natural%20real-world%20object%2C%20shot%20with%20a%20DSLR%20camera%2C%20soft%20natural%20studio%20lighting%2C%20shallow%20depth%20of%20field%2C%20plain%20clean%20neutral%20light%20grey%20background%2C%20centered%2C%20sharp%20focus%2C%20high%20detail%2C%20no%20text%2C%20no%20watermark%2C%20no%20logo%2C%20no%20illustration%2C%20no%20cartoon%2C%20no%203D%20render%2C%20photorealistic%2C%20a%20real%20bear%20standing%20outdoors%2C%20side%20view%2C%20natural%20wildlife%20photo?width=1024&height=1024&nologo=true&seed=418&model=flux
bed	https://image.pollinations.ai/prompt/professional%20realistic%20photograph%2C%20natural%20real-world%20object%2C%20shot%20with%20a%20DSLR%20camera%2C%20soft%20natural%20studio%20lighting%2C%20shallow%20depth%20of%20field%2C%20plain%20clean%20neutral%20light%20grey%20background%2C%20centered%2C%20sharp%20focus%2C%20high%20detail%2C%20no%20text%2C%20no%20watermark%2C%20no%20logo%2C%20no%20illustration%2C%20no%20cartoon%2C%20no%203D%20render%2C%20photorealistic%2C%20a%20real%20single%20bed%20with%20a%20pillow%20and%20folded%20blanket%2C%20side%20view%2C%20photo?width=1024&height=1024&nologo=true&seed=419&model=flux
