living_room	https://image.pollinations.ai/prompt/professional%20realistic%20photograph%2C%20shot%20with%20a%20DSLR%20camera%2C%20natural%20daylight%2C%20sharp%20focus%2C%20high%20detail%2C%20photorealistic%2C%20no%20people%2C%20no%20readable%20text%20anywhere%2C%20all%20signs%20blank%2C%20no%20watermark%2C%20no%20logo%2C%20no%20illustration%2C%20no%20cartoon%2C%20wide%20interior%20view%20of%20a%20cozy%20residential%20living%20room%20with%20a%20sofa%2C%20coffee%20table%20and%20TV?width=1024&height=1024&nologo=true&seed=700&model=flux
dining_room	https://image.pollinations.ai/prompt/professional%20realistic%20photograph%2C%20shot%20with%20a%20DSLR%20camera%2C%20natural%20daylight%2C%20sharp%20focus%2C%20high%20detail%2C%20photorealistic%2C%20no%20people%2C%20no%20readable%20text%20anywhere%2C%20all%20signs%20blank%2C%20no%20watermark%2C%20no%20logo%2C%20no%20illustration%2C%20no%20cartoon%2C%20wide%20interior%20view%20of%20a%20residential%20dining%20room%20with%20a%20dining%20table%20and%20chairs%20set%20for%20a%20meal?width=1024&height=1024&nologo=true&seed=701&model=flux
bathroom	https://image.pollinations.ai/prompt/professional%20realistic%20photograph%2C%20shot%20with%20a%20DSLR%20camera%2C%20natural%20daylight%2C%20sharp%20focus%2C%20high%20detail%2C%20photorealistic%2C%20no%20people%2C%20no%20readable%20text%20anywhere%2C%20all%20signs%20blank%2C%20no%20watermark%2C%20no%20logo%2C%20no%20illustration%2C%20no%20cartoon%2C%20wide%20interior%20view%20of%20a%20modern%20residential%20bathroom%20showing%20the%20sink%2C%20mirror%2C%20shower%20and%20bathtub%20together?width=1024&height=1024&nologo=true&seed=702&model=flux
kitchen	https://image.pollinations.ai/prompt/professional%20realistic%20photograph%2C%20shot%20with%20a%20DSLR%20camera%2C%20natural%20daylight%2C%20sharp%20focus%2C%20high%20detail%2C%20photorealistic%2C%20no%20people%2C%20no%20readable%20text%20anywhere%2C%20all%20signs%20blank%2C%20no%20watermark%2C%20no%20logo%2C%20no%20illustration%2C%20no%20cartoon%2C%20wide%20interior%20view%20of%20a%20residential%20kitchen%20showing%20cabinets%2C%20a%20sink%2C%20a%20stove%20and%20a%20fridge%20together?width=1024&height=1024&nologo=true&seed=703&model=flux
bedroom	https://image.pollinations.ai/prompt/professional%20realistic%20photograph%2C%20shot%20with%20a%20DSLR%20camera%2C%20natural%20daylight%2C%20sharp%20focus%2C%20high%20detail%2C%20photorealistic%2C%20no%20people%2C%20no%20readable%20text%20anywhere%2C%20all%20signs%20blank%2C%20no%20watermark%2C%20no%20logo%2C%20no%20illustration%2C%20no%20cartoon%2C%20wide%20interior%20view%20of%20a%20cozy%20residential%20bedroom%20with%20a%20made%20bed%2C%20nightstand%20and%20window?width=1024&height=1024&nologo=true&seed=704&model=flux
hallway	https://image.pollinations.ai/prompt/professional%20realistic%20photograph%2C%20shot%20with%20a%20DSLR%20camera%2C%20natural%20daylight%2C%20sharp%20focus%2C%20high%20detail%2C%20photorealistic%2C%20no%20people%2C%20no%20readable%20text%20anywhere%2C%20all%20signs%20blank%2C%20no%20watermark%2C%20no%20logo%2C%20no%20illustration%2C%20no%20cartoon%2C%20interior%20view%20of%20a%20home%20hallway%20corridor%20with%20doors%20along%20the%20walls?width=1024&height=1024&nologo=true&seed=705&model=flux
house	https://image.pollinations.ai/prompt/professional%20realistic%20photograph%2C%20shot%20with%20a%20DSLR%20camera%2C%20natural%20daylight%2C%20sharp%20focus%2C%20high%20detail%2C%20photorealistic%2C%20no%20people%2C%20no%20readable%20text%20anywhere%2C%20all%20signs%20blank%2C%20no%20watermark%2C%20no%20logo%2C%20no%20illustration%2C%20no%20cartoon%2C%20exterior%20of%20a%20small%20cozy%20single-family%20house%20with%20a%20pitched%20roof%2C%20front%20door%20and%20windows%2C%20front%20view?width=1024&height=1024&nologo=true&seed=706&model=flux
garage	https://image.pollinations.ai/prompt/professional%20realistic%20photograph%2C%20shot%20with%20a%20DSLR%20camera%2C%20natural%20daylight%2C%20sharp%20focus%2C%20high%20detail%2C%20photorealistic%2C%20no%20people%2C%20no%20readable%20text%20anywhere%2C%20all%20signs%20blank%2C%20no%20watermark%2C%20no%20logo%2C%20no%20illustration%2C%20no%20cartoon%2C%20interior%20of%20a%20home%20garage%20with%20a%20parked%20car%20inside%2C%20door%20open?width=1024&height=1024&nologo=true&seed=707&model=flux
garden	https://image.pollinations.ai/prompt/professional%20realistic%20photograph%2C%20shot%20with%20a%20DSLR%20camera%2C%20natural%20daylight%2C%20sharp%20focus%2C%20high%20detail%2C%20photorealistic%2C%20no%20people%2C%20no%20readable%20text%20anywhere%2C%20all%20signs%20blank%2C%20no%20watermark%2C%20no%20logo%2C%20no%20illustration%2C%20no%20cartoon%2C%20a%20beautiful%20home%20backyard%20garden%20with%20flower%20beds%2C%20green%20plants%20and%20a%20small%20path?width=1024&height=1024&nologo=true&seed=708&model=flux
school	https://image.pollinations.ai/prompt/professional%20realistic%20photograph%2C%20shot%20with%20a%20DSLR%20camera%2C%20natural%20daylight%2C%20sharp%20focus%2C%20high%20detail%2C%20photorealistic%2C%20no%20people%2C%20no%20readable%20text%20anywhere%2C%20all%20signs%20blank%2C%20no%20watermark%2C%20no%20logo%2C%20no%20illustration%2C%20no%20cartoon%2C%20street-level%20exterior%20of%20a%20two-storey%20school%20building%20with%20a%20schoolyard%20and%20flagpole%2C%20blank%20sign?width=1024&height=1024&nologo=true&seed=709&model=flux
mosque	https://image.pollinations.ai/prompt/professional%20realistic%20photograph%2C%20shot%20with%20a%20DSLR%20camera%2C%20natural%20daylight%2C%20sharp%20focus%2C%20high%20detail%2C%20photorealistic%2C%20no%20people%2C%20no%20readable%20text%20anywhere%2C%20all%20signs%20blank%2C%20no%20watermark%2C%20no%20logo%2C%20no%20illustration%2C%20no%20cartoon%2C%20exterior%20of%20a%20beautiful%20mosque%20with%20a%20dome%20and%20minarets%2C%20clear%20sky?width=1024&height=1024&nologo=true&seed=710&model=flux
hotel	https://image.pollinations.ai/prompt/professional%20realistic%20photograph%2C%20shot%20with%20a%20DSLR%20camera%2C%20natural%20daylight%2C%20sharp%20focus%2C%20high%20detail%2C%20photorealistic%2C%20no%20people%2C%20no%20readable%20text%20anywhere%2C%20all%20signs%20blank%2C%20no%20watermark%2C%20no%20logo%2C%20no%20illustration%2C%20no%20cartoon%2C%20exterior%20of%20a%20modern%20hotel%20building%20entrance%20with%20a%20canopy%20and%20luggage%20trolley%2C%20blank%20sign?width=1024&height=1024&nologo=true&seed=711&model=flux
restaurant	https://image.pollinations.ai/prompt/professional%20realistic%20photograph%2C%20shot%20with%20a%20DSLR%20camera%2C%20natural%20daylight%2C%20sharp%20focus%2C%20high%20detail%2C%20photorealistic%2C%20no%20people%2C%20no%20readable%20text%20anywhere%2C%20all%20signs%20blank%2C%20no%20watermark%2C%20no%20logo%2C%20no%20illustration%2C%20no%20cartoon%2C%20interior%20of%20a%20restaurant%20with%20set%20tables%2C%20wine%20glasses%20and%20warm%20lighting?width=1024&height=1024&nologo=true&seed=712&model=flux
hospital	https://image.pollinations.ai/prompt/professional%20realistic%20photograph%2C%20shot%20with%20a%20DSLR%20camera%2C%20natural%20daylight%2C%20sharp%20focus%2C%20high%20detail%2C%20photorealistic%2C%20no%20people%2C%20no%20readable%20text%20anywhere%2C%20all%20signs%20blank%2C%20no%20watermark%2C%20no%20logo%2C%20no%20illustration%2C%20no%20cartoon%2C%20exterior%20of%20a%20modern%20hospital%20building%20with%20a%20large%20red%20cross%20symbol%20only%2C%20ambulance%20parked%20outside%2C%20blank%20signs?width=1024&height=1024&nologo=true&seed=713&model=flux
pharmacy	https://image.pollinations.ai/prompt/professional%20realistic%20photograph%2C%20shot%20with%20a%20DSLR%20camera%2C%20natural%20daylight%2C%20sharp%20focus%2C%20high%20detail%2C%20photorealistic%2C%20no%20people%2C%20no%20readable%20text%20anywhere%2C%20all%20signs%20blank%2C%20no%20watermark%2C%20no%20logo%2C%20no%20illustration%2C%20no%20cartoon%2C%20exterior%20of%20a%20pharmacy%20shop%20entrance%20with%20a%20green%20cross%20symbol%20only%2C%20blank%20signs?width=1024&height=1024&nologo=true&seed=714&model=flux
bakery	https://image.pollinations.ai/prompt/professional%20realistic%20photograph%2C%20shot%20with%20a%20DSLR%20camera%2C%20natural%20daylight%2C%20sharp%20focus%2C%20high%20detail%2C%20photorealistic%2C%20no%20people%2C%20no%20readable%20text%20anywhere%2C%20all%20signs%20blank%2C%20no%20watermark%2C%20no%20logo%2C%20no%20illustration%2C%20no%20cartoon%2C%20interior%20of%20a%20bakery%20with%20shelves%20of%20fresh%20bread%20and%20pastries%20on%20display?width=1024&height=1024&nologo=true&seed=715&model=flux
museum	https://image.pollinations.ai/prompt/professional%20realistic%20photograph%2C%20shot%20with%20a%20DSLR%20camera%2C%20natural%20daylight%2C%20sharp%20focus%2C%20high%20detail%2C%20photorealistic%2C%20no%20people%2C%20no%20readable%20text%20anywhere%2C%20all%20signs%20blank%2C%20no%20watermark%2C%20no%20logo%2C%20no%20illustration%2C%20no%20cartoon%2C%20exterior%20of%20a%20classical%20museum%20building%20with%20tall%20stone%20columns%20and%20wide%20steps?width=1024&height=1024&nologo=true&seed=716&model=flux
stadium	https://image.pollinations.ai/prompt/professional%20realistic%20photograph%2C%20shot%20with%20a%20DSLR%20camera%2C%20natural%20daylight%2C%20sharp%20focus%2C%20high%20detail%2C%20photorealistic%2C%20no%20people%2C%20no%20readable%20text%20anywhere%2C%20all%20signs%20blank%2C%20no%20watermark%2C%20no%20logo%2C%20no%20illustration%2C%20no%20cartoon%2C%20aerial%20view%20of%20a%20large%20open%20football%20stadium%20with%20green%20pitch%20and%20stands?width=1024&height=1024&nologo=true&seed=717&model=flux
post_office	https://image.pollinations.ai/prompt/professional%20realistic%20photograph%2C%20shot%20with%20a%20DSLR%20camera%2C%20natural%20daylight%2C%20sharp%20focus%2C%20high%20detail%2C%20photorealistic%2C%20no%20people%2C%20no%20readable%20text%20anywhere%2C%20all%20signs%20blank%2C%20no%20watermark%2C%20no%20logo%2C%20no%20illustration%2C%20no%20cartoon%2C%20exterior%20of%20a%20small%20post%20office%20building%20with%20a%20blue%20mailbox%20in%20front%2C%20blank%20sign?width=1024&height=1024&nologo=true&seed=718&model=flux
police_station	https://image.pollinations.ai/prompt/professional%20realistic%20photograph%2C%20shot%20with%20a%20DSLR%20camera%2C%20natural%20daylight%2C%20sharp%20focus%2C%20high%20detail%2C%20photorealistic%2C%20no%20people%2C%20no%20readable%20text%20anywhere%2C%20all%20signs%20blank%2C%20no%20watermark%2C%20no%20logo%2C%20no%20illustration%2C%20no%20cartoon%2C%20exterior%20of%20a%20police%20station%20building%20with%20a%20parked%20police%20car%20in%20front%2C%20blank%20signs?width=1024&height=1024&nologo=true&seed=719&model=flux
mall	https://image.pollinations.ai/prompt/professional%20realistic%20photograph%2C%20shot%20with%20a%20DSLR%20camera%2C%20natural%20daylight%2C%20sharp%20focus%2C%20high%20detail%2C%20photorealistic%2C%20no%20people%2C%20no%20readable%20text%20anywhere%2C%20all%20signs%20blank%2C%20no%20watermark%2C%20no%20logo%2C%20no%20illustration%2C%20no%20cartoon%2C%20wide%20interior%20view%20of%20a%20modern%20shopping%20mall%20atrium%20with%20escalators%20and%20shop%20fronts%2C%20blank%20signs?width=1024&height=1024&nologo=true&seed=720&model=flux
park	https://image.pollinations.ai/prompt/professional%20realistic%20photograph%2C%20shot%20with%20a%20DSLR%20camera%2C%20natural%20daylight%2C%20sharp%20focus%2C%20high%20detail%2C%20photorealistic%2C%20no%20people%2C%20no%20readable%20text%20anywhere%2C%20all%20signs%20blank%2C%20no%20watermark%2C%20no%20logo%2C%20no%20illustration%2C%20no%20cartoon%2C%20a%20green%20city%20park%20with%20trees%2C%20a%20walking%20path%20and%20wooden%20benches?width=1024&height=1024&nologo=true&seed=721&model=flux
cinema	https://image.pollinations.ai/prompt/professional%20realistic%20photograph%2C%20shot%20with%20a%20DSLR%20camera%2C%20natural%20daylight%2C%20sharp%20focus%2C%20high%20detail%2C%20photorealistic%2C%20no%20people%2C%20no%20readable%20text%20anywhere%2C%20all%20signs%20blank%2C%20no%20watermark%2C%20no%20logo%2C%20no%20illustration%2C%20no%20cartoon%2C%20interior%20of%20a%20cinema%20hall%20with%20rows%20of%20red%20seats%20facing%20a%20large%20blank%20screen?width=1024&height=1024&nologo=true&seed=722&model=flux
bank	https://image.pollinations.ai/prompt/professional%20realistic%20photograph%2C%20shot%20with%20a%20DSLR%20camera%2C%20natural%20daylight%2C%20sharp%20focus%2C%20high%20detail%2C%20photorealistic%2C%20no%20people%2C%20no%20readable%20text%20anywhere%2C%20all%20signs%20blank%2C%20no%20watermark%2C%20no%20logo%2C%20no%20illustration%2C%20no%20cartoon%2C%20exterior%20of%20a%20solid%20classical%20bank%20building%20with%20columns%2C%20blank%20sign?width=1024&height=1024&nologo=true&seed=723&model=flux
cafe	https://image.pollinations.ai/prompt/professional%20realistic%20photograph%2C%20shot%20with%20a%20DSLR%20camera%2C%20natural%20daylight%2C%20sharp%20focus%2C%20high%20detail%2C%20photorealistic%2C%20no%20people%2C%20no%20readable%20text%20anywhere%2C%20all%20signs%20blank%2C%20no%20watermark%2C%20no%20logo%2C%20no%20illustration%2C%20no%20cartoon%2C%20interior%20of%20a%20cozy%20cafe%20with%20small%20tables%2C%20a%20coffee%20machine%20on%20the%20counter%20and%20cups?width=1024&height=1024&nologo=true&seed=724&model=flux
zoo	https://image.pollinations.ai/prompt/professional%20realistic%20photograph%2C%20shot%20with%20a%20DSLR%20camera%2C%20natural%20daylight%2C%20sharp%20focus%2C%20high%20detail%2C%20photorealistic%2C%20no%20people%2C%20no%20readable%20text%20anywhere%2C%20all%20signs%20blank%2C%20no%20watermark%2C%20no%20logo%2C%20no%20illustration%2C%20no%20cartoon%2C%20a%20zoo%20scene%20with%20an%20open%20giraffe%20enclosure%20and%20a%20walking%20path%20with%20a%20wooden%20fence?width=1024&height=1024&nologo=true&seed=725&model=flux
supermarket	https://image.pollinations.ai/prompt/professional%20realistic%20photograph%2C%20shot%20with%20a%20DSLR%20camera%2C%20natural%20daylight%2C%20sharp%20focus%2C%20high%20detail%2C%20photorealistic%2C%20no%20people%2C%20no%20readable%20text%20anywhere%2C%20all%20signs%20blank%2C%20no%20watermark%2C%20no%20logo%2C%20no%20illustration%2C%20no%20cartoon%2C%20wide%20interior%20view%20of%20a%20supermarket%20aisle%20with%20shelves%20full%20of%20colourful%20products%2C%20blank%20labels?width=1024&height=1024&nologo=true&seed=726&model=flux
farm	https://image.pollinations.ai/prompt/professional%20realistic%20photograph%2C%20shot%20with%20a%20DSLR%20camera%2C%20natural%20daylight%2C%20sharp%20focus%2C%20high%20detail%2C%20photorealistic%2C%20no%20people%2C%20no%20readable%20text%20anywhere%2C%20all%20signs%20blank%2C%20no%20watermark%2C%20no%20logo%2C%20no%20illustration%2C%20no%20cartoon%2C%20a%20farm%20scene%20with%20a%20red%20barn%2C%20green%20fields%20and%20a%20wooden%20fence%20under%20a%20blue%20sky?width=1024&height=1024&nologo=true&seed=727&model=flux
grass	https://image.pollinations.ai/prompt/professional%20realistic%20photograph%2C%20natural%20real-world%20object%2C%20shot%20with%20a%20DSLR%20camera%2C%20soft%20natural%20studio%20lighting%2C%20shallow%20depth%20of%20field%2C%20plain%20clean%20neutral%20light%20grey%20background%2C%20centered%2C%20sharp%20focus%2C%20high%20detail%2C%20no%20text%2C%20no%20watermark%2C%20no%20logo%2C%20no%20illustration%2C%20no%20cartoon%2C%20no%203D%20render%2C%20photorealistic%2C%20a%20real%20grass?width=1024&height=1024&nologo=true&seed=728&model=flux
stone	https://image.pollinations.ai/prompt/professional%20realistic%20photograph%2C%20shot%20with%20a%20DSLR%20camera%2C%20natural%20daylight%2C%20sharp%20focus%2C%20high%20detail%2C%20photorealistic%2C%20no%20people%2C%20no%20readable%20text%20anywhere%2C%20all%20signs%20blank%2C%20no%20watermark%2C%20no%20logo%2C%20no%20illustration%2C%20no%20cartoon%2C%20a%20single%20smooth%20grey%20rock%20lying%20on%20the%20ground?width=1024&height=1024&nologo=true&seed=729&model=flux
mountain	https://image.pollinations.ai/prompt/professional%20realistic%20photograph%2C%20shot%20with%20a%20DSLR%20camera%2C%20natural%20daylight%2C%20sharp%20focus%2C%20high%20detail%2C%20photorealistic%2C%20no%20people%2C%20no%20readable%20text%20anywhere%2C%20all%20signs%20blank%2C%20no%20watermark%2C%20no%20logo%2C%20no%20illustration%2C%20no%20cartoon%2C%20a%20high%20snow-capped%20mountain%20peak%20under%20a%20clear%20blue%20sky?width=1024&height=1024&nologo=true&seed=730&model=flux
beach	https://image.pollinations.ai/prompt/professional%20realistic%20photograph%2C%20shot%20with%20a%20DSLR%20camera%2C%20natural%20daylight%2C%20sharp%20focus%2C%20high%20detail%2C%20photorealistic%2C%20no%20people%2C%20no%20readable%20text%20anywhere%2C%20all%20signs%20blank%2C%20no%20watermark%2C%20no%20logo%2C%20no%20illustration%2C%20no%20cartoon%2C%20a%20sandy%20beach%20with%20gentle%20sea%20waves%2C%20seen%20from%20the%20shore?width=1024&height=1024&nologo=true&seed=731&model=flux
sea	https://image.pollinations.ai/prompt/professional%20realistic%20photograph%2C%20shot%20with%20a%20DSLR%20camera%2C%20natural%20daylight%2C%20sharp%20focus%2C%20high%20detail%2C%20photorealistic%2C%20no%20people%2C%20no%20readable%20text%20anywhere%2C%20all%20signs%20blank%2C%20no%20watermark%2C%20no%20logo%2C%20no%20illustration%2C%20no%20cartoon%2C%20the%20open%20blue%20sea%20with%20waves%20to%20the%20horizon%2C%20no%20shore%20visible?width=1024&height=1024&nologo=true&seed=732&model=flux
moon	https://image.pollinations.ai/prompt/professional%20realistic%20photograph%2C%20shot%20with%20a%20DSLR%20camera%2C%20natural%20daylight%2C%20sharp%20focus%2C%20high%20detail%2C%20photorealistic%2C%20no%20people%2C%20no%20readable%20text%20anywhere%2C%20all%20signs%20blank%2C%20no%20watermark%2C%20no%20logo%2C%20no%20illustration%2C%20no%20cartoon%2C%20the%20full%20bright%20moon%20in%20a%20dark%20night%20sky?width=1024&height=1024&nologo=true&seed=733&model=flux
tree	https://image.pollinations.ai/prompt/professional%20realistic%20photograph%2C%20shot%20with%20a%20DSLR%20camera%2C%20natural%20daylight%2C%20sharp%20focus%2C%20high%20detail%2C%20photorealistic%2C%20no%20people%2C%20no%20readable%20text%20anywhere%2C%20all%20signs%20blank%2C%20no%20watermark%2C%20no%20logo%2C%20no%20illustration%2C%20no%20cartoon%2C%20a%20single%20large%20green%20leafy%20tree%20standing%20alone%20in%20a%20field?width=1024&height=1024&nologo=true&seed=734&model=flux
classroom	https://image.pollinations.ai/prompt/professional%20realistic%20photograph%2C%20shot%20with%20a%20DSLR%20camera%2C%20natural%20daylight%2C%20sharp%20focus%2C%20high%20detail%2C%20photorealistic%2C%20no%20people%2C%20no%20readable%20text%20anywhere%2C%20all%20signs%20blank%2C%20no%20watermark%2C%20no%20logo%2C%20no%20illustration%2C%20no%20cartoon%2C%20wide%20interior%20view%20of%20a%20school%20classroom%20with%20rows%20of%20desks%20and%20a%20green%20chalkboard?width=1024&height=1024&nologo=true&seed=735&model=flux
