wash	https://image.pollinations.ai/prompt/professional%20realistic%20photograph%2C%20shot%20with%20a%20DSLR%20camera%2C%20soft%20natural%20lighting%2C%20sharp%20focus%2C%20high%20detail%2C%20photorealistic%2C%20plain%20clean%20neutral%20light%20grey%20background%2C%20no%20text%2C%20no%20watermark%2C%20no%20logo%2C%20no%20illustration%2C%20no%20cartoon%2C%20no%203D%20render%2C%20close%20view%20of%20two%20hands%20being%20washed%20with%20soap%20and%20running%20water%20at%20a%20sink?width=1024&height=1024&nologo=true&seed=900&model=flux
brush	https://image.pollinations.ai/prompt/professional%20realistic%20photograph%2C%20shot%20with%20a%20DSLR%20camera%2C%20soft%20natural%20lighting%2C%20sharp%20focus%2C%20high%20detail%2C%20photorealistic%2C%20plain%20clean%20neutral%20light%20grey%20background%2C%20no%20text%2C%20no%20watermark%2C%20no%20logo%2C%20no%20illustration%2C%20no%20cartoon%2C%20no%203D%20render%2C%20close%20view%20of%20a%20person%20brushing%20their%20teeth%20with%20a%20toothbrush%2C%20foam%20visible?width=1024&height=1024&nologo=true&seed=901&model=flux
eat	https://image.pollinations.ai/prompt/professional%20realistic%20photograph%2C%20shot%20with%20a%20DSLR%20camera%2C%20soft%20natural%20lighting%2C%20sharp%20focus%2C%20high%20detail%2C%20photorealistic%2C%20plain%20clean%20neutral%20light%20grey%20background%2C%20no%20text%2C%20no%20watermark%2C%20no%20logo%2C%20no%20illustration%2C%20no%20cartoon%2C%20no%203D%20render%2C%20a%20person%20taking%20a%20bite%20of%20food%20with%20a%20fork%2C%20mouth%20open%2C%20plate%20in%20front?width=1024&height=1024&nologo=true&seed=902&model=flux
drink	https://image.pollinations.ai/prompt/professional%20realistic%20photograph%2C%20shot%20with%20a%20DSLR%20camera%2C%20soft%20natural%20lighting%2C%20sharp%20focus%2C%20high%20detail%2C%20photorealistic%2C%20plain%20clean%20neutral%20light%20grey%20background%2C%20no%20text%2C%20no%20watermark%2C%20no%20logo%2C%20no%20illustration%2C%20no%20cartoon%2C%20no%203D%20render%2C%20a%20person%20drinking%20water%20from%20a%20glass%2C%20glass%20raised%20to%20the%20mouth?width=1024&height=1024&nologo=true&seed=903&model=flux
cook	https://image.pollinations.ai/prompt/professional%20realistic%20photograph%2C%20shot%20with%20a%20DSLR%20camera%2C%20soft%20natural%20lighting%2C%20sharp%20focus%2C%20high%20detail%2C%20photorealistic%2C%20plain%20clean%20neutral%20light%20grey%20background%2C%20no%20text%2C%20no%20watermark%2C%20no%20logo%2C%20no%20illustration%2C%20no%20cartoon%2C%20no%203D%20render%2C%20a%20person%20cooking%20in%20a%20pan%20on%20a%20stove%2C%20stirring%20with%20a%20spoon%2C%20steam%20rising?width=1024&height=1024&nologo=true&seed=904&model=flux
read	https://image.pollinations.ai/prompt/professional%20realistic%20photograph%2C%20shot%20with%20a%20DSLR%20camera%2C%20soft%20natural%20lighting%2C%20sharp%20focus%2C%20high%20detail%2C%20photorealistic%2C%20plain%20clean%20neutral%20light%20grey%20background%2C%20no%20text%2C%20no%20watermark%2C%20no%20logo%2C%20no%20illustration%2C%20no%20cartoon%2C%20no%203D%20render%2C%20a%20person%20sitting%20and%20reading%20an%20open%20book%2C%20holding%20it%20with%20both%20hands?width=1024&height=1024&nologo=true&seed=905&model=flux
write	https://image.pollinations.ai/prompt/professional%20realistic%20photograph%2C%20shot%20with%20a%20DSLR%20camera%2C%20soft%20natural%20lighting%2C%20sharp%20focus%2C%20high%20detail%2C%20photorealistic%2C%20plain%20clean%20neutral%20light%20grey%20background%2C%20no%20text%2C%20no%20watermark%2C%20no%20logo%2C%20no%20illustration%2C%20no%20cartoon%2C%20no%203D%20render%2C%20close%20view%20of%20a%20hand%20writing%20with%20a%20pen%20in%20an%20open%20notebook?width=1024&height=1024&nologo=true&seed=906&model=flux
listen	https://image.pollinations.ai/prompt/professional%20realistic%20photograph%2C%20shot%20with%20a%20DSLR%20camera%2C%20soft%20natural%20lighting%2C%20sharp%20focus%2C%20high%20detail%2C%20photorealistic%2C%20plain%20clean%20neutral%20light%20grey%20background%2C%20no%20text%2C%20no%20watermark%2C%20no%20logo%2C%20no%20illustration%2C%20no%20cartoon%2C%20no%203D%20render%2C%20a%20person%20wearing%20headphones%20with%20eyes%20closed%2C%20listening%20to%20music?width=1024&height=1024&nologo=true&seed=907&model=flux
watch	https://image.pollinations.ai/prompt/professional%20realistic%20photograph%2C%20shot%20with%20a%20DSLR%20camera%2C%20soft%20natural%20lighting%2C%20sharp%20focus%2C%20high%20detail%2C%20photorealistic%2C%20plain%20clean%20neutral%20light%20grey%20background%2C%20no%20text%2C%20no%20watermark%2C%20no%20logo%2C%20no%20illustration%2C%20no%20cartoon%2C%20no%203D%20render%2C%20a%20person%20sitting%20on%20a%20sofa%20watching%20a%20television%20screen%20from%20behind?width=1024&height=1024&nologo=true&seed=908&model=flux
sleep	https://image.pollinations.ai/prompt/professional%20realistic%20photograph%2C%20shot%20with%20a%20DSLR%20camera%2C%20soft%20natural%20lighting%2C%20sharp%20focus%2C%20high%20detail%2C%20photorealistic%2C%20plain%20clean%20neutral%20light%20grey%20background%2C%20no%20text%2C%20no%20watermark%2C%20no%20logo%2C%20no%20illustration%2C%20no%20cartoon%2C%20no%203D%20render%2C%20a%20person%20sleeping%20peacefully%20in%20bed%20under%20a%20blanket%2C%20eyes%20closed%2C%20night?width=1024&height=1024&nologo=true&seed=909&model=flux
run	https://image.pollinations.ai/prompt/professional%20realistic%20photograph%2C%20shot%20with%20a%20DSLR%20camera%2C%20soft%20natural%20lighting%2C%20sharp%20focus%2C%20high%20detail%2C%20photorealistic%2C%20plain%20clean%20neutral%20light%20grey%20background%2C%20no%20text%2C%20no%20watermark%2C%20no%20logo%2C%20no%20illustration%2C%20no%20cartoon%2C%20no%203D%20render%2C%20a%20person%20running%20fast%20outdoors%20on%20a%20track%2C%20both%20feet%20off%20the%20ground%2C%20side%20view?width=1024&height=1024&nologo=true&seed=910&model=flux
walk	https://image.pollinations.ai/prompt/professional%20realistic%20photograph%2C%20shot%20with%20a%20DSLR%20camera%2C%20soft%20natural%20lighting%2C%20sharp%20focus%2C%20high%20detail%2C%20photorealistic%2C%20plain%20clean%20neutral%20light%20grey%20background%2C%20no%20text%2C%20no%20watermark%2C%20no%20logo%2C%20no%20illustration%2C%20no%20cartoon%2C%20no%203D%20render%2C%20a%20person%20walking%20calmly%20along%20a%20path%20outdoors%2C%20full%20body%2C%20side%20view?width=1024&height=1024&nologo=true&seed=911&model=flux
swim	https://image.pollinations.ai/prompt/professional%20realistic%20photograph%2C%20shot%20with%20a%20DSLR%20camera%2C%20soft%20natural%20lighting%2C%20sharp%20focus%2C%20high%20detail%2C%20photorealistic%2C%20plain%20clean%20neutral%20light%20grey%20background%2C%20no%20text%2C%20no%20watermark%2C%20no%20logo%2C%20no%20illustration%2C%20no%20cartoon%2C%20no%203D%20render%2C%20a%20person%20swimming%20in%20a%20blue%20swimming%20pool%2C%20arms%20mid-stroke%2C%20water%20splashing?width=1024&height=1024&nologo=true&seed=912&model=flux
play	https://image.pollinations.ai/prompt/professional%20realistic%20photograph%2C%20shot%20with%20a%20DSLR%20camera%2C%20soft%20natural%20lighting%2C%20sharp%20focus%2C%20high%20detail%2C%20photorealistic%2C%20plain%20clean%20neutral%20light%20grey%20background%2C%20no%20text%2C%20no%20watermark%2C%20no%20logo%2C%20no%20illustration%2C%20no%20cartoon%2C%20no%203D%20render%2C%20two%20children%20playing%20together%20with%20a%20ball%20on%20grass%2C%20laughing?width=1024&height=1024&nologo=true&seed=913&model=flux
drive	https://image.pollinations.ai/prompt/professional%20realistic%20photograph%2C%20shot%20with%20a%20DSLR%20camera%2C%20soft%20natural%20lighting%2C%20sharp%20focus%2C%20high%20detail%2C%20photorealistic%2C%20plain%20clean%20neutral%20light%20grey%20background%2C%20no%20text%2C%20no%20watermark%2C%20no%20logo%2C%20no%20illustration%2C%20no%20cartoon%2C%20no%203D%20render%2C%20close%20view%20of%20two%20hands%20on%20a%20car%20steering%20wheel%20from%20the%20driver%20seat%2C%20road%20ahead?width=1024&height=1024&nologo=true&seed=914&model=flux
laugh	https://image.pollinations.ai/prompt/professional%20realistic%20photograph%2C%20shot%20with%20a%20DSLR%20camera%2C%20soft%20natural%20lighting%2C%20sharp%20focus%2C%20high%20detail%2C%20photorealistic%2C%20plain%20clean%20neutral%20light%20grey%20background%2C%20no%20text%2C%20no%20watermark%2C%20no%20logo%2C%20no%20illustration%2C%20no%20cartoon%2C%20no%203D%20render%2C%20a%20person%20laughing%20out%20loud%20with%20a%20wide%20open%20smile%2C%20head%20slightly%20back?width=1024&height=1024&nologo=true&seed=915&model=flux
cry	https://image.pollinations.ai/prompt/professional%20realistic%20photograph%2C%20shot%20with%20a%20DSLR%20camera%2C%20soft%20natural%20lighting%2C%20sharp%20focus%2C%20high%20detail%2C%20photorealistic%2C%20plain%20clean%20neutral%20light%20grey%20background%2C%20no%20text%2C%20no%20watermark%2C%20no%20logo%2C%20no%20illustration%2C%20no%20cartoon%2C%20no%203D%20render%2C%20a%20person%20crying%20with%20tears%20running%20down%20the%20cheek%2C%20sad%20expression?width=1024&height=1024&nologo=true&seed=916&model=flux
pay	https://image.pollinations.ai/prompt/professional%20realistic%20photograph%2C%20shot%20with%20a%20DSLR%20camera%2C%20soft%20natural%20lighting%2C%20sharp%20focus%2C%20high%20detail%2C%20photorealistic%2C%20plain%20clean%20neutral%20light%20grey%20background%2C%20no%20text%2C%20no%20watermark%2C%20no%20logo%2C%20no%20illustration%2C%20no%20cartoon%2C%20no%203D%20render%2C%20a%20hand%20handing%20over%20banknotes%20to%20a%20cashier%20hand%20at%20a%20shop%20counter?width=1024&height=1024&nologo=true&seed=917&model=flux
work	https://image.pollinations.ai/prompt/professional%20realistic%20photograph%2C%20shot%20with%20a%20DSLR%20camera%2C%20soft%20natural%20lighting%2C%20sharp%20focus%2C%20high%20detail%2C%20photorealistic%2C%20plain%20clean%20neutral%20light%20grey%20background%2C%20no%20text%2C%20no%20watermark%2C%20no%20logo%2C%20no%20illustration%2C%20no%20cartoon%2C%20no%203D%20render%2C%20a%20person%20working%20at%20an%20office%20desk%20with%20a%20laptop%20and%20papers?width=1024&height=1024&nologo=true&seed=918&model=flux
speak	https://image.pollinations.ai/prompt/professional%20realistic%20photograph%2C%20shot%20with%20a%20DSLR%20camera%2C%20soft%20natural%20lighting%2C%20sharp%20focus%2C%20high%20detail%2C%20photorealistic%2C%20plain%20clean%20neutral%20light%20grey%20background%2C%20no%20text%2C%20no%20watermark%2C%20no%20logo%2C%20no%20illustration%2C%20no%20cartoon%2C%20no%203D%20render%2C%20a%20person%20talking%20and%20gesturing%20with%20one%20hand%2C%20mouth%20open%20mid-speech?width=1024&height=1024&nologo=true&seed=919&model=flux
forest	https://image.pollinations.ai/prompt/professional%20realistic%20photograph%2C%20shot%20with%20a%20DSLR%20camera%2C%20soft%20natural%20lighting%2C%20sharp%20focus%2C%20high%20detail%2C%20photorealistic%2C%20plain%20clean%20neutral%20light%20grey%20background%2C%20no%20text%2C%20no%20watermark%2C%20no%20logo%2C%20no%20illustration%2C%20no%20cartoon%2C%20no%203D%20render%2C%20a%20dense%20green%20forest%20with%20many%20tall%20trees%20and%20sunlight%20through%20the%20leaves?width=1024&height=1024&nologo=true&seed=920&model=flux
leaf	https://image.pollinations.ai/prompt/professional%20realistic%20photograph%2C%20shot%20with%20a%20DSLR%20camera%2C%20soft%20natural%20lighting%2C%20sharp%20focus%2C%20high%20detail%2C%20photorealistic%2C%20plain%20clean%20neutral%20light%20grey%20background%2C%20no%20text%2C%20no%20watermark%2C%20no%20logo%2C%20no%20illustration%2C%20no%20cartoon%2C%20no%203D%20render%2C%20a%20single%20green%20leaf%2C%20close%20up%2C%20isolated?width=1024&height=1024&nologo=true&seed=921&model=flux
