coffee	https://image.pollinations.ai/prompt/professional%20realistic%20photograph%2C%20natural%20real-world%20object%2C%20shot%20with%20a%20DSLR%20camera%2C%20soft%20natural%20studio%20lighting%2C%20shallow%20depth%20of%20field%2C%20plain%20clean%20neutral%20light%20grey%20background%2C%20centered%2C%20sharp%20focus%2C%20high%20detail%2C%20no%20text%2C%20no%20watermark%2C%20no%20logo%2C%20no%20illustration%2C%20no%20cartoon%2C%20no%203D%20render%2C%20photorealistic%2C%20a%20white%20ceramic%20cup%20of%20hot%20black%20coffee%20with%20crema%2C%20seen%20from%20a%20slight%20angle%2C%20steam%20rising?width=1024&height=1024&nologo=true&seed=1400&model=flux
soda	https://image.pollinations.ai/prompt/professional%20realistic%20photograph%2C%20natural%20real-world%20object%2C%20shot%20with%20a%20DSLR%20camera%2C%20soft%20natural%20studio%20lighting%2C%20shallow%20depth%20of%20field%2C%20plain%20clean%20neutral%20light%20grey%20background%2C%20centered%2C%20sharp%20focus%2C%20high%20detail%2C%20no%20text%2C%20no%20watermark%2C%20no%20logo%2C%20no%20illustration%2C%20no%20cartoon%2C%20no%203D%20render%2C%20photorealistic%2C%20a%20tall%20clear%20glass%20of%20dark%20brown%20fizzy%20cola%20with%20ice%20cubes%20and%20rising%20bubbles?width=1024&height=1024&nologo=true&seed=1401&model=flux
book	https://image.pollinations.ai/prompt/professional%20realistic%20photograph%2C%20natural%20real-world%20object%2C%20shot%20with%20a%20DSLR%20camera%2C%20soft%20natural%20studio%20lighting%2C%20shallow%20depth%20of%20field%2C%20plain%20clean%20neutral%20light%20grey%20background%2C%20centered%2C%20sharp%20focus%2C%20high%20detail%2C%20no%20text%2C%20no%20watermark%2C%20no%20logo%2C%20no%20illustration%2C%20no%20cartoon%2C%20no%203D%20render%2C%20photorealistic%2C%20a%20single%20closed%20hardcover%20book%20with%20a%20plain%20dark%20cover%20lying%20flat%20on%20a%20table?width=1024&height=1024&nologo=true&seed=1402&model=flux
lamp	https://image.pollinations.ai/prompt/professional%20realistic%20photograph%2C%20natural%20real-world%20object%2C%20shot%20with%20a%20DSLR%20camera%2C%20soft%20natural%20studio%20lighting%2C%20shallow%20depth%20of%20field%2C%20plain%20clean%20neutral%20light%20grey%20background%2C%20centered%2C%20sharp%20focus%2C%20high%20detail%2C%20no%20text%2C%20no%20watermark%2C%20no%20logo%2C%20no%20illustration%2C%20no%20cartoon%2C%20no%203D%20render%2C%20photorealistic%2C%20a%20single%20switched-on%20table%20lamp%20with%20a%20fabric%20shade%20standing%20on%20a%20table?width=1024&height=1024&nologo=true&seed=1403&model=flux
clock	https://image.pollinations.ai/prompt/professional%20realistic%20photograph%2C%20natural%20real-world%20object%2C%20shot%20with%20a%20DSLR%20camera%2C%20soft%20natural%20studio%20lighting%2C%20shallow%20depth%20of%20field%2C%20plain%20clean%20neutral%20light%20grey%20background%2C%20centered%2C%20sharp%20focus%2C%20high%20detail%2C%20no%20text%2C%20no%20watermark%2C%20no%20logo%2C%20no%20illustration%2C%20no%20cartoon%2C%20no%203D%20render%2C%20photorealistic%2C%20a%20single%20round%20white%20wall%20clock%20with%20black%20hands%20showing%20ten%20past%20ten%2C%20hanging%20on%20a%20plain%20wall?width=1024&height=1024&nologo=true&seed=1404&model=flux
map	https://image.pollinations.ai/prompt/professional%20realistic%20photograph%2C%20natural%20real-world%20object%2C%20shot%20with%20a%20DSLR%20camera%2C%20soft%20natural%20studio%20lighting%2C%20shallow%20depth%20of%20field%2C%20plain%20clean%20neutral%20light%20grey%20background%2C%20centered%2C%20sharp%20focus%2C%20high%20detail%2C%20no%20text%2C%20no%20watermark%2C%20no%20logo%2C%20no%20illustration%2C%20no%20cartoon%2C%20no%203D%20render%2C%20photorealistic%2C%20an%20open%20folded%20paper%20road%20map%20spread%20out%20flat%2C%20colourful%20roads%20and%20areas%2C%20no%20readable%20place%20names?width=1024&height=1024&nologo=true&seed=1405&model=flux
fire	https://image.pollinations.ai/prompt/professional%20realistic%20photograph%2C%20natural%20real-world%20object%2C%20shot%20with%20a%20DSLR%20camera%2C%20soft%20natural%20studio%20lighting%2C%20shallow%20depth%20of%20field%2C%20plain%20clean%20neutral%20light%20grey%20background%2C%20centered%2C%20sharp%20focus%2C%20high%20detail%2C%20no%20text%2C%20no%20watermark%2C%20no%20logo%2C%20no%20illustration%2C%20no%20cartoon%2C%20no%203D%20render%2C%20photorealistic%2C%20close-up%20of%20bright%20orange%20and%20yellow%20flames%20of%20a%20burning%20campfire%20against%20a%20dark%20background?width=1024&height=1024&nologo=true&seed=1406&model=flux
office	https://image.pollinations.ai/prompt/professional%20realistic%20photograph%2C%20shot%20with%20a%20DSLR%20camera%2C%20natural%20daylight%2C%20sharp%20focus%2C%20high%20detail%2C%20photorealistic%2C%20no%20people%2C%20no%20readable%20text%20anywhere%2C%20all%20signs%20blank%2C%20no%20watermark%2C%20no%20logo%2C%20no%20illustration%2C%20no%20cartoon%2C%20wide%20interior%20view%20of%20a%20modern%20open-plan%20office%20with%20desks%2C%20office%20chairs%20and%20computer%20monitors?width=1024&height=1024&nologo=true&seed=1407&model=flux
library	https://image.pollinations.ai/prompt/professional%20realistic%20photograph%2C%20shot%20with%20a%20DSLR%20camera%2C%20natural%20daylight%2C%20sharp%20focus%2C%20high%20detail%2C%20photorealistic%2C%20no%20people%2C%20no%20readable%20text%20anywhere%2C%20all%20signs%20blank%2C%20no%20watermark%2C%20no%20logo%2C%20no%20illustration%2C%20no%20cartoon%2C%20wide%20interior%20view%20of%20a%20public%20library%20with%20tall%20wooden%20shelves%20full%20of%20books%20and%20a%20reading%20table?width=1024&height=1024&nologo=true&seed=1408&model=flux
bridge	https://image.pollinations.ai/prompt/professional%20realistic%20photograph%2C%20shot%20with%20a%20DSLR%20camera%2C%20natural%20daylight%2C%20sharp%20focus%2C%20high%20detail%2C%20photorealistic%2C%20no%20people%2C%20no%20readable%20text%20anywhere%2C%20all%20signs%20blank%2C%20no%20watermark%2C%20no%20logo%2C%20no%20illustration%2C%20no%20cartoon%2C%20a%20long%20stone%20road%20bridge%20crossing%20over%20a%20wide%20river%2C%20seen%20from%20the%20riverbank%2C%20daylight?width=1024&height=1024&nologo=true&seed=1409&model=flux
apartment	https://image.pollinations.ai/prompt/professional%20realistic%20photograph%2C%20shot%20with%20a%20DSLR%20camera%2C%20natural%20daylight%2C%20sharp%20focus%2C%20high%20detail%2C%20photorealistic%2C%20no%20people%2C%20no%20readable%20text%20anywhere%2C%20all%20signs%20blank%2C%20no%20watermark%2C%20no%20logo%2C%20no%20illustration%2C%20no%20cartoon%2C%20exterior%20of%20a%20tall%20modern%20residential%20apartment%20building%20with%20many%20balconies%2C%20street%20view%2C%20blank%20signs?width=1024&height=1024&nologo=true&seed=1410&model=flux
